{"frames":[{"filename":"planeRed1","frame":{"x":307,"y":153,"w":88,"h":73},"rotated":false,"trimmed":false,"spriteSourceSize":{"x":0,"y":0,"w":88,"h":73},"sourceSize":{"w":88,"h":73}},{"filename":"planeRed2","frame":{"x":218,"y":227,"w":88,"h":73},"rotated":false,"trimmed":false,"spriteSourceSize":{"x":0,"y":0,"w":88,"h":73},"sourceSize":{"w":88,"h":73}},{"filename":"planeRed3","frame":{"x":218,"y":153,"w":88,"h":73},"rotated":false,"trimmed":false,"spriteSourceSize":{"x":0,"y":0,"w":88,"h":73},"sourceSize":{"w":88,"h":73}},{"filename":"groundGrass","frame":{"x":0,"y":0,"w":808,"h":71},"rotated":false,"trimmed":false,"spriteSourceSize":{"x":0,"y":0,"w":808,"h":71},"sourceSize":{"w":808,"h":71}},{"filename":"rockGrass","frame":{"x":0,"y":72,"w":108,"h":239},"rotated":false,"trimmed":false,"spriteSourceSize":{"x":0,"y":0,"w":108,"h":239},"sourceSize":{"w":108,"h":239}},{"filename":"rockDown","frame":{"x":109,"y":72,"w":108,"h":239},"rotated":false,"trimmed":false,"spriteSourceSize":{"x":0,"y":0,"w":108,"h":239},"sourceSize":{"w":108,"h":239}},{"filename":"starBronze","frame":{"x":748,"y":227,"w":39,"h":38},"rotated":false,"trimmed":false,"spriteSourceSize":{"x":0,"y":0,"w":39,"h":38},"sourceSize":{"w":39,"h":38}},{"filename":"starGold","frame":{"x":593,"y":153,"w":39,"h":38},"rotated":false,"trimmed":false,"spriteSourceSize":{"x":0,"y":0,"w":39,"h":38},"sourceSize":{"w":39,"h":38}},{"filename":"starSilver","frame":{"x":708,"y":227,"w":39,"h":38},"rotated":false,"trimmed":false,"spriteSourceSize":{"x":0,"y":0,"w":39,"h":38},"sourceSize":{"w":39,"h":38}},{"filename":"textGetReady","frame":{"x":307,"y":227,"w":400,"h":73},"rotated":false,"trimmed":false,"spriteSourceSize":{"x":0,"y":0,"w":400,"h":73},"sourceSize":{"w":400,"h":73}},{"filename":"textGameOver","frame":{"x":355,"y":72,"w":412,"h":78},"rotated":false,"trimmed":false,"spriteSourceSize":{"x":0,"y":0,"w":412,"h":78},"sourceSize":{"w":412,"h":78}},{"filename":"buttonLarge","frame":{"x":396,"y":153,"w":196,"h":70},"rotated":false,"trimmed":false,"spriteSourceSize":{"x":0,"y":0,"w":196,"h":70},"sourceSize":{"w":196,"h":70}},{"filename":"buttonSmall","frame":{"x":218,"y":72,"w":136,"h":80},"rotated":false,"trimmed":false,"spriteSourceSize":{"x":0,"y":0,"w":136,"h":80},"sourceSize":{"w":136,"h":80}}],"meta":{"app":"https://www.leshylabs.com/apps/sstool/","version":"Leshy SpriteSheet Tool v0.8.4","image":"spritesheet.png","size":{"w":808,"h":311},"scale":1}}